1,AALI,Astra Agro Lestari Tbk.,09 Des 1997,"1,924,688,333",Utama
2,ABBA,Mahaka Media Tbk.,03 Apr 2002,"3,935,892,857",Pengembangan
3,ABDA,Asuransi Bina Dana Arta Tbk.,06 Jul 1989,"620,806,680",Pengembangan
4,ABMM,ABM Investama Tbk.,06 Des 2011,"2,753,165,000",Utama
5,ACES,Ace Hardware Indonesia Tbk.,06 Nov 2007,"17,150,000,000",Utama
6,ACST,Acset Indonusa Tbk.,24 Jun 2013,"12,675,160,000",Utama
7,ADCP,Adhi Commuter Properti Tbk.,21 Mei 2021,"22,222,222,200",Utama
8,ADES,Akasha Wira International Tbk.,13 Jun 1994,"589,896,800",Pengembangan
9,ADHI,Adhi Karya (Persero) Tbk.,18 Mar 2004,"3,560,849,376",Utama
10,ADMF,Adira Dinamika Multi Finance T,31 Mar 2004,"1,000,000,000",Utama
11,ADMG,Polychem Indonesia Tbk,20 Okt 1993,"3,889,179,559",Utama
12,ADMR,Adaro Minerals Indonesia Tbk.,03 Jan 2022,"40,882,331,500",Pengembangan
13,ADRO,Adaro Energy Indonesia Tbk.,16 Jul 2008,"31,985,962,000",Utama
14,AGAR,Asia Sejahtera Mina Tbk.,02 Des 2019,"1,000,000,000",Pengembangan
15,AGII,Aneka Gas Industri Tbk.,28 Sep 2016,"3,066,660,000",Utama
16,AGRO,Bank Raya Indonesia Tbk.,08 Ags 2003,"22,520,433,863",Utama
17,AGRS,Bank IBK Indonesia Tbk.,22 Des 2014,"27,464,646,945",Pengembangan
18,AHAP,Asuransi Harta Aman Pratama Tb,14 Sep 1990,"4,900,000,000",Pengembangan
19,AIMS,Akbar Indo Makmur Stimec Tbk,20 Jul 2001,"220,000,000",Pengembangan
20,AISA,FKS Food Sejahtera Tbk.,11 Jun 1997,"9,311,800,000",Utama
21,AKKU,Anugerah Kagum Karya Utama Tbk,01 Nov 2004,"6,449,463,636",Pengembangan
22,AKPI,Argha Karya Prima Industry Tbk,18 Des 1992,"612,248,000",Pengembangan
23,AKRA,AKR Corporindo Tbk.,03 Okt 1994,"20,073,474,600",Utama
24,AKSI,Mineral Sumberdaya Mandiri Tbk,13 Jul 2001,"720,000,000",Pengembangan
25,ALDO,Alkindo Naratama Tbk.,12 Jul 2011,"1,316,856,070",Pengembangan
26,ALKA,Alakasa Industrindo Tbk,12 Jul 1990,"507,665,055",Pengembangan
27,ALMI,Alumindo Light Metal Industry,02 Jan 1997,"3,816,000,000",Pengembangan
28,ALTO,Tri Banyan Tirta Tbk.,10 Jul 2012,"2,191,870,558",Utama
29,AMAG,Asuransi Multi Artha Guna Tbk.,23 Des 2005,"5,001,552,516",Pengembangan
30,AMAN,Makmur Berkah Amanda Tbk.,13 Mar 2020,"3,873,500,000",Utama
31,AMAR,Bank Amar Indonesia Tbk.,09 Jan 2020,"13,646,222,000",Pengembangan
32,AMFG,Asahimas Flat Glass Tbk.,08 Nov 1995,"434,000,000",Utama
33,AMIN,Ateliers Mecaniques D Indonesi,10 Des 2015,"1,080,000,000",Pengembangan
34,AMMS,Agung Menjangan Mas Tbk.,04 Ags 2022,"1,200,000,000",Akselerasi
35,AMOR,Ashmore Asset Management Indon,14 Jan 2020,"2,222,222,400",Pengembangan
36,AMRT,Sumber Alfaria Trijaya Tbk.,15 Jan 2009,"41,524,501,700",Utama
37,ANDI,Andira Agro Tbk.,16 Ags 2018,"9,350,000,000",Pengembangan
38,ANJT,Austindo Nusantara Jaya Tbk.,08 Mei 2013,"3,354,175,000",Utama
39,ANTM,Aneka Tambang Tbk.,27 Nov 1997,"24,030,764,725",Utama
40,APEX,Apexindo Pratama Duta Tbk.,05 Jun 2013,"2,796,804,997",Pengembangan
41,APIC,Pacific Strategic Financial Tb,18 Des 2002,"11,766,313,488",Pengembangan
42,APII,Arita Prima Indonesia Tbk.,29 Okt 2013,"1,075,760,000",Pengembangan
43,APLI,Asiaplast Industries Tbk.,01 Mei 2000,"1,362,671,400",Utama
44,APLN,Agung Podomoro Land Tbk.,11 Nov 2010,"22,699,326,779",Utama
45,ARCI,Archi Indonesia Tbk.,28 Jun 2021,"24,835,000,000",Utama
46,ARGO,Argo Pantes Tbk,07 Jan 1991,"335,557,450",Pengembangan
47,ARII,Atlas Resources Tbk.,08 Nov 2011,"3,131,000,000",Pengembangan
48,ARKA,Arkha Jayanti Persada Tbk.,10 Jul 2019,"2,000,000,000",Pengembangan
49,ARKO,Arkora Hydro Tbk.,08 Jul 2022,"2,928,495,000",Pengembangan
50,ARMY,Armidian Karyatama Tbk.,21 Jun 2017,"9,006,250,000",Pengembangan
51,ARNA,Arwana Citramulia Tbk.,17 Jul 2001,"7,341,430,976",UTAMA
52,ARTA,Arthavest Tbk,05 Nov 2002,"446,674,175",PENGEMBANGAN
53,ARTI,Ratu Prabu Energi Tbk,30 Apr 2003,"7,840,000,000",Pengembangan
54,ARTO,Bank Jago Tbk.,12 Jan 2016,"13,717,687,500",Pengembangan
55,ASBI,Asuransi Bintang Tbk.,29 Nov 1989,"348,386,472",Pengembangan
56,ASDM,Asuransi Dayin Mitra Tbk.,15 Des 1989,"192,000,000",Utama
57,ASGR,Astra Graphia Tbk.,15 Nov 1989,"1,348,780,500",Utama
58,ASHA,Cilacap Samudera Fishing Indus,27 Mei 2022,"5,000,000,000",Pengembangan
59,ASII,Astra International Tbk.,04 Apr 1990,"40,483,553,140",Utama
60,ASJT,Asuransi Jasa Tania Tbk.,23 Des 2003,"1,288,890,696",Utama
61,ASLC,Autopedia Sukses Lestari Tbk.,25 Jan 2022,"12,746,354,780",Pengembangan
62,ASMI,Asuransi Maximus Graha Persada,16 Jan 2014,"8,958,380,460",Utama
63,ASPI,Andalan Sakti Primaindo Tbk.,17 Feb 2020,"681,794,825",Pengembangan
64,ASRI,Alam Sutera Realty Tbk.,18 Des 2007,"19,649,411,888",Utama
65,ASRM,Asuransi Ramayana Tbk.,19 Mar 1990,"304,283,840",Pengembangan
66,ASSA,Adi Sarana Armada Tbk.,12 Nov 2012,"3,566,360,707",Pengembangan
67,ATAP,Trimitra Prawara Goldland Tbk.,11 Des 2020,"1,250,000,000",Pengembangan
68,ATIC,Anabatic Technologies Tbk.,08 Jul 2015,"2,315,361,355",UTAMA
69,AUTO,Astra Otoparts Tbk.,15 Jun 1998,"4,819,733,000",Utama
70,AVIA,Avia Avian Tbk.,08 Des 2021,"61,953,555,600",Utama
71,AXIO,Tera Data Indonusa Tbk.,20 Jul 2022,"5,840,126,500",Pengembangan
72,AYLS,Agro Yasa Lestari Tbk.,12 Feb 2020,"853,423,236",Pengembangan
73,BABP,Bank MNC Internasional Tbk.,15 Jul 2002,"31,068,566,097",Pengembangan
74,BACA,Bank Capital Indonesia Tbk.,04 Okt 2007,"7,007,225,373",Pengembangan
75,BAJA,Saranacentral Bajatama Tbk.,21 Des 2011,"1,800,000,000",Pengembangan
76,BALI,Bali Towerindo Sentra Tbk.,13 Mar 2014,"3,934,592,500",Utama
77,BANK,Bank Aladin Syariah Tbk.,01 Feb 2021,"13,666,063,301",Pengembangan
78,BAPA,Bekasi Asri Pemula Tbk.,14 Jan 2008,"661,784,520",Utama
79,BAPI,Bhakti Agung Propertindo Tbk.,16 Sep 2019,"5,591,764,260",Pengembangan
80,BATA,Sepatu Bata Tbk.,24 Mar 1982,"1,300,000,000",Utama
81,BAUT,Mitra Angkasa Sejahtera Tbk.,28 Jan 2022,"4,800,020,496",Pengembangan
82,BAYU,Bayu Buana Tbk,30 Okt 1989,"353,220,780",PENGEMBANGAN
83,BBCA,Bank Central Asia Tbk.,31 Mei 2000,"122,042,299,500",Utama
84,BBHI,Allo Bank Indonesia Tbk.,12 Ags 2015,"21,512,953,877",Pengembangan
85,BBKP,Bank KB Bukopin Tbk.,10 Jul 2006,"67,019,885,160",Utama
86,BBLD,Buana Finance Tbk.,07 Mei 1990,"1,645,796,054",Pengembangan
87,BBMD,Bank Mestika Dharma Tbk.,08 Jul 2013,"4,049,189,100",Utama
88,BBNI,Bank Negara Indonesia (Persero,25 Nov 1996,"18,462,169,893",Utama
89,BBRI,Bank Rakyat Indonesia (Persero,10 Nov 2003,"150,043,411,587",Utama
90,BBRM,Pelayaran Nasional Bina Buana,09 Jan 2013,"8,479,490,328",Utama
91,BBSI,Bank Bisnis Internasional Tbk.,07 Sep 2020,"3,274,178,463",Pengembangan
92,BBSS,Bumi Benowo Sukses Sejahtera T,15 Apr 2020,"4,800,016,020",Pengembangan
93,BBTN,Bank Tabungan Negara (Persero),17 Des 2009,"10,484,100,000",Utama
94,BBYB,Bank Neo Commerce Tbk.,13 Jan 2015,"9,327,465,018",Utama
95,BCAP,MNC Kapital Indonesia Tbk.,08 Jun 2001,"42,618,850,927",Utama
96,BCIC,Bank JTrust Indonesia Tbk.,25 Jun 1997,"17,926,071,041",Pengembangan
97,BCIP,Bumi Citra Permai Tbk.,11 Des 2009,"1,429,915,525",Pengembangan
98,BDMN,Bank Danamon Indonesia Tbk.,06 Des 1989,"9,675,817,341",Utama
99,BEBS,Berkah Beton Sadaya Tbk.,10 Mar 2021,"9,000,000,000",Pengembangan
100,BEEF,Estika Tata Tiara Tbk.,10 Jan 2019,"1,884,312,595",Pengembangan
101,BEKS,Bank Pembangunan Daerah Banten,13 Jul 2001,"51,351,733,883",Pengembangan
102,BELL,Trisula Textile Industries Tbk,03 Okt 2017,"7,250,000,000",Pengembangan
103,BESS,Batulicin Nusantara Maritim Tb,09 Mar 2020,"3,432,904,857",Pengembangan
104,BEST,Bekasi Fajar Industrial Estate,10 Apr 2012,"9,647,311,150",Utama
105,BFIN,BFI Finance Indonesia Tbk.,16 Mei 1990,"15,967,115,620",Utama
106,BGTG,Bank Ganesha Tbk.,12 Mei 2016,"16,303,371,203",Pengembangan
107,BHAT,Bhakti Multi Artha Tbk.,15 Apr 2020,"5,000,000,000",Pengembangan
108,BHIT,MNC Asia Holding Tbk.,24 Nov 1997,"86,068,156,705",Utama
109,BIKA,Binakarya Jaya Abadi Tbk.,14 Jul 2015,"592,280,000",Pengembangan
110,BIKE,Sepeda Bersama Indonesia Tbk.,21 Mar 2022,"1,293,334,000",Pengembangan
111,BIMA,Primarindo Asia Infrastructure,30 Ags 1994,"608,175,716",Pengembangan
112,BINA,Bank Ina Perdana Tbk.,16 Jan 2014,"5,877,722,813",Utama
113,BINO,Perma Plasindo Tbk.,25 Nov 2021,"2,175,005,302",Pengembangan
114,BIPI,Astrindo Nusantara Infrastrukt,11 Feb 2010,"57,918,360,917",Pengembangan
115,BIPP,Bhuwanatala Indah Permai Tbk.,23 Okt 1995,"5,028,669,366",Pengembangan
116,BIRD,Blue Bird Tbk.,05 Nov 2014,"2,502,100,000",Utama
117,BISI,BISI International Tbk.,28 Mei 2007,"3,000,000,000",Utama
118,BJBR,Bank Pembangunan Daerah Jawa B,08 Jul 2010,"10,416,229,249",Utama
119,BJTM,Bank Pembangunan Daerah Jawa T,12 Jul 2012,"14,865,343,101",Utama
120,BKDP,Bukit Darmo Property Tbk,15 Jun 2007,"7,513,992,252",Pengembangan
121,BKSL,Sentul City Tbk.,28 Jul 1997,"67,083,561,082",Utama
122,BKSW,Bank QNB Indonesia Tbk.,21 Nov 2002,"20,232,319,124",Pengembangan
123,BLTA,Berlian Laju Tanker Tbk,26 Mar 1990,"25,940,187,103",Utama
124,BLTZ,Graha Layar Prima Tbk.,10 Apr 2014,"873,937,142",Pengembangan
125,BLUE,Berkah Prima Perkasa Tbk.,08 Jul 2019,"418,000,000",Pengembangan
126,BMAS,Bank Maspion Indonesia Tbk.,11 Jul 2013,"4,399,026,922",Pengembangan
127,BMHS,Bundamedik Tbk.,06 Jul 2021,"8,603,416,176",Utama
128,BMRI,Bank Mandiri (Persero) Tbk.,14 Jul 2003,"46,199,999,998",Utama
129,BMSR,Bintang Mitra Semestaraya Tbk,29 Des 1999,"1,159,200,024",Utama
130,BMTR,Global Mediacom Tbk.,17 Jul 1995,"16,583,997,586",Utama
131,BNBA,Bank Bumi Arta Tbk.,01 Jun 2006,"2,744,280,000",Utama
132,BNBR,Bakrie & Brothers Tbk,28 Ags 1989,"21,160,865,261",Pengembangan
133,BNGA,Bank CIMB Niaga Tbk.,29 Nov 1989,"24,880,290,775",Utama
134,BNII,Bank Maybank Indonesia Tbk.,21 Nov 1989,"75,357,433,911",Utama
135,BNLI,Bank Permata Tbk.,15 Jan 1990,"35,819,545,925",Utama
136,BOBA,Formosa Ingredient Factory Tbk,01 Nov 2021,"1,155,750,000",Pengembangan
137,BOGA,Bintang Oto Global Tbk.,19 Des 2016,"3,803,526,210",Pengembangan
138,BOLA,Bali Bintang Sejahtera Tbk.,17 Jun 2019,"6,000,000,000",Pengembangan
139,BOLT,Garuda Metalindo Tbk.,07 Jul 2015,"2,343,750,000",PENGEMBANGAN
140,BOSS,Borneo Olah Sarana Sukses Tbk.,15 Feb 2018,"1,400,000,000",Pengembangan
141,BPFI,Woori Finance Indonesia Tbk.,01 Jun 2009,"2,673,995,362",Pengembangan
142,BPII,Batavia Prosperindo Internasio,08 Jul 2014,"562,224,662",Pengembangan
143,BPTR,Batavia Prosperindo Trans Tbk.,09 Jul 2018,"1,550,000,000",Utama
144,BRAM,Indo Kordsa Tbk.,05 Sep 1990,"450,000,000",Utama
145,BRIS,Bank Syariah Indonesia Tbk.,09 Mei 2018,"40,717,924,372",Utama
146,BRMS,Bumi Resources Minerals Tbk.,09 Des 2010,"141,784,040,338",Pengembangan
147,BRNA,Berlina Tbk.,06 Nov 1989,"979,110,000",Pengembangan
148,BRPT,Barito Pacific Tbk.,01 Okt 1993,"93,747,218,044",Utama
149,BSDE,Bumi Serpong Damai Tbk.,06 Jun 2008,"21,171,365,812",Utama
150,BSIM,Bank Sinarmas Tbk.,13 Des 2010,"19,517,921,842",Utama
151,BSML,Bintang Samudera Mandiri Lines,16 Des 2021,"1,850,225,000",Pengembangan
152,BSSR,Baramulti Suksessarana Tbk.,08 Nov 2012,"2,616,500,000",Pengembangan
153,BSWD,Bank Of India Indonesia Tbk.,01 Mei 2002,"2,374,923,478",Pengembangan
154,BTEK,Bumi Teknokultura Unggul Tbk,14 Mei 2004,"46,277,496,376",Pengembangan
155,BTEL,Bakrie Telecom Tbk.,03 Feb 2006,"36,822,665,755",Pengembangan
156,BTON,Betonjaya Manunggal Tbk.,18 Jul 2001,"720,000,000",Pengembangan
157,BTPN,Bank BTPN Tbk.,12 Mar 2008,"8,066,054,461",Utama
158,BTPS,Bank BTPN Syariah Tbk.,08 Mei 2018,"7,626,663,000",Utama
159,BUAH,Segar Kumala Indonesia Tbk.,09 Ags 2022,"1,000,000,000",Pengembangan
160,BUDI,Budi Starch & Sweetener Tbk.,08 Mei 1995,"4,498,997,362",Utama
161,BUKA,Bukalapak.com Tbk.,06 Ags 2021,"103,062,019,354",Pengembangan
162,BUKK,Bukaka Teknik Utama Tbk.,29 Jun 2015,"2,640,452,000",Pengembangan
163,BULL,Buana Lintas Lautan Tbk.,23 Mei 2011,"14,117,801,449",Pengembangan
164,BUMI,Bumi Resources Tbk.,30 Jul 1990,"143,841,242,189",Pengembangan
165,BUVA,Bukit Uluwatu Villa Tbk.,12 Jul 2010,"6,811,269,200",Pengembangan
166,BVIC,Bank Victoria International Tb,30 Jun 1999,"12,910,188,542",Utama
167,BWPT,Eagle High Plantations Tbk.,27 Okt 2009,"31,525,291,000",Utama
168,BYAN,Bayan Resources Tbk.,12 Ags 2008,"3,333,333,500",Utama
169,CAKK,Cahayaputra Asa Keramik Tbk.,31 Okt 2018,"1,203,300,219",Pengembangan
170,CAMP,Campina Ice Cream Industry Tbk,19 Des 2017,"5,885,000,000",Utama
171,CANI,Capitol Nusantara Indonesia Tb,16 Jan 2014,"833,440,000",Pengembangan
172,CARE,Metro Healthcare Indonesia Tbk,13 Mar 2020,"33,250,000,000",Pengembangan
173,CARS,Industri dan Perdagangan Bintr,10 Apr 2017,"15,000,000,000",Utama
174,CASA,Capital Financial Indonesia Tb,19 Jul 2016,"54,476,269,803",Pengembangan
175,CASH,Cashlez Worldwide Indonesia Tb,04 Mei 2020,"1,431,125,517",Akselerasi
176,CASS,Cardig Aero Services Tbk.,05 Des 2011,"2,086,950,000",Pengembangan
177,CBMF,Cahaya Bintang Medan Tbk.,09 Apr 2020,"1,875,000,000",Pengembangan
178,CCSI,Communication Cable Systems In,18 Jun 2019,"1,199,999,998",Pengembangan
179,CEKA,Wilmar Cahaya Indonesia Tbk.,09 Jul 1996,"595,000,000",Utama
180,CENT,Centratama Telekomunikasi Indo,01 Nov 2001,"31,183,464,900",Pengembangan
181,CFIN,Clipan Finance Indonesia Tbk.,27 Ags 1990,"3,984,520,457",Utama
182,CHEM,Chemstar Indonesia Tbk.,08 Jul 2022,"1,700,000,000",Pengembangan
183,CINT,Chitose Internasional Tbk.,27 Jun 2014,"1,000,000,000",PENGEMBANGAN
184,CITA,Cita Mineral Investindo Tbk.,20 Mar 2002,"3,960,361,250",Pengembangan
185,CITY,Natura City Developments Tbk.,28 Sep 2018,"5,405,188,966",Utama
186,CLAY,Citra Putra Realty Tbk.,18 Jan 2019,"2,570,000,000",Pengembangan
187,CLEO,Sariguna Primatirta Tbk.,05 Mei 2017,"12,000,000,000",Utama
188,CLPI,Colorpak Indonesia Tbk.,30 Nov 2001,"306,338,500",PENGEMBANGAN
189,CMNP,Citra Marga Nusaphala Persada,10 Jan 1995,"5,435,058,905",Utama
190,CMNT,Cemindo Gemilang Tbk.,08 Sep 2021,"17,125,504,000",Utama
191,CMPP,AirAsia Indonesia Tbk.,08 Des 1994,"10,685,124,441",Pengembangan
192,CMRY,Cisarua Mountain Dairy Tbk.,06 Des 2021,"7,934,683,000",Utama
193,CNKO,Exploitasi Energi Indonesia Tb,20 Nov 2001,"8,956,361,206",Pengembangan
194,CNTX,Century Textile Industry Tbk.,22 Mei 1979,"70,000,000",Pengembangan
195,COAL,Black Diamond Resources Tbk.,07 Sep 2022,"6,250,000,000",Pengembangan
196,COCO,Wahana Interfood Nusantara Tbk,20 Mar 2019,"889,863,981",Pengembangan
197,COWL,Cowell Development Tbk.,19 Des 2007,"4,871,214,021",Pengembangan
198,CPIN,Charoen Pokphand Indonesia Tbk,18 Mar 1991,"16,398,000,000",UTAMA
199,CPRI,Capri Nusa Satu Properti Tbk.,11 Apr 2019,"2,433,379,958",Pengembangan
200,CPRO,Central Proteina Prima Tbk.,28 Nov 2006,"59,572,382,787",Pengembangan
201,CRAB,Toba Surimi Industries Tbk.,10 Ags 2022,"1,950,000,000",Pengembangan
202,CSAP,Catur Sentosa Adiprana Tbk.,12 Des 2007,"4,458,352,920",Utama
203,CSIS,Cahayasakti Investindo Sukses,10 Mei 2017,"1,307,000,000",Pengembangan
204,CSMI,Cipta Selera Murni Tbk.,09 Apr 2020,"816,061,500",Pengembangan
205,CSRA,Cisadane Sawit Raya Tbk.,09 Jan 2020,"2,050,000,000",Utama
206,CTBN,Citra Tubindo Tbk.,28 Nov 1989,"800,371,500",Utama
207,CTRA,Ciputra Development Tbk.,28 Mar 1994,"18,560,303,397",Utama
208,CTTH,Citatah Tbk.,03 Jul 1996,"1,230,839,821",Pengembangan
209,DADA,Diamond Citra Propertindo Tbk.,14 Feb 2020,"7,178,346,958",Pengembangan
210,DART,Duta Anggada Realty Tbk.,08 Mei 1990,"3,141,390,962",Utama
211,DAYA,Duta Intidaya Tbk.,28 Jun 2016,"2,420,547,025",Pengembangan
212,DCII,DCI Indonesia Tbk.,06 Jan 2021,"2,383,745,900",Pengembangan
213,DEAL,Dewata Freightinternational Tb,11 Nov 2018,"1,146,170,959",Pengembangan
214,DEFI,Danasupra Erapacific Tbk.,06 Jul 2001,"687,266,666",Pengembangan
215,DEPO,Caturkarda Depo Bangunan Tbk.,25 Nov 2021,"6,790,000,000",Utama
216,DEWA,Darma Henwa Tbk,26 Sep 2007,"21,853,733,792",Utama
217,DEWI,Dewi Shri Farmindo Tbk.,18 Jul 2022,"2,000,000,000",Pengembangan
218,DFAM,Dafam Property Indonesia Tbk.,27 Apr 2018,"1,899,852,850",Pengembangan
219,DGIK,Nusa Konstruksi Enjiniring Tbk,19 Des 2007,"5,541,165,000",Utama
220,DGNS,Diagnos Laboratorium Utama Tbk,15 Jan 2021,"1,250,000,000",Pengembangan
221,DIGI,Arkadia Digital Media Tbk.,18 Sep 2018,"1,625,000,000",Pengembangan
222,DILD,Intiland Development Tbk.,04 Sep 1991,"10,365,854,185",Utama
223,DIVA,Distribusi Voucher Nusantara T,27 Nov 2018,"1,428,571,400",Pengembangan
224,DKFT,Central Omega Resources Tbk.,21 Nov 1997,"5,638,246,600",Pengembangan
225,DLTA,Delta Djakarta Tbk.,27 Feb 1984,"800,659,050",Utama
226,DMAS,Puradelta Lestari Tbk.,29 Mei 2015,"48,198,111,100",Utama
227,DMMX,Digital Mediatama Maxima Tbk.,21 Okt 2019,"7,692,307,700",Pengembangan
228,DMND,Diamond Food Indonesia Tbk.,22 Jan 2020,"9,468,359,000",Utama
229,DNAR,Bank Oke Indonesia Tbk.,11 Jul 2014,"13,843,569,569",Utama
230,DNET,Indoritel Makmur Internasional,11 Des 2000,"14,184,000,000",Pengembangan
231,DOID,Delta Dunia Makmur Tbk.,15 Jun 2001,"8,621,173,232",Utama
232,DPNS,Duta Pertiwi Nusantara Tbk.,08 Ags 1990,"331,129,952",Utama
233,DPUM,Dua Putra Utama Makmur Tbk.,08 Des 2015,"4,175,000,000",Pengembangan
234,DRMA,Dharma Polimetal Tbk.,20 Des 2021,"4,705,882,300",Utama
235,DSFI,Dharma Samudera Fishing Indust,24 Mar 2000,"1,857,135,500",Utama
236,DSNG,Dharma Satya Nusantara Tbk.,14 Jun 2013,"10,599,842,400",Utama
237,DSSA,Dian Swastatika Sentosa Tbk,10 Des 2009,"770,552,320",Utama
238,DUCK,Jaya Bersama Indo Tbk.,10 Okt 2018,"1,283,330,000",Pengembangan
239,DUTI,Duta Pertiwi Tbk,02 Nov 1994,"1,850,000,000",Pengembangan
240,DVLA,Darya-Varia Laboratoria Tbk.,11 Nov 1994,"1,120,000,000",Utama
241,DWGL,Dwi Guna Laksana Tbk.,13 Des 2017,"9,245,117,857",Pengembangan
242,DYAN,Dyandra Media International Tb,25 Mar 2013,"4,272,964,279",Utama
243,EAST,Eastparc Hotel Tbk.,09 Jul 2019,"4,126,405,336",Pengembangan
244,ECII,Electronic City Indonesia Tbk.,03 Jul 2013,"1,334,333,000",PENGEMBANGAN
245,EDGE,Indointernet Tbk.,08 Feb 2021,"404,050,000",Pengembangan
246,EKAD,Ekadharma International Tbk.,14 Ags 1990,"3,493,875,000",Utama
247,ELPI,Pelayaran Nasional Ekalya Purn,08 Ags 2022,"7,412,000,000",Utama
248,ELSA,Elnusa Tbk.,06 Feb 2008,"7,298,500,000",Utama
249,ELTY,Bakrieland Development Tbk.,30 Okt 1995,"43,521,913,019",Pengembangan
250,EMDE,Megapolitan Developments Tbk.,12 Jan 2011,"3,350,000,000",Pengembangan
251,EMTK,Elang Mahkota Teknologi Tbk.,12 Jan 2010,"61,241,751,483",Utama
252,ENAK,Champ Resto Indonesia Tbk.,08 Feb 2022,"2,166,666,800",Pengembangan
253,ENRG,Energi Mega Persada Tbk.,07 Jun 2004,"24,821,230,250",Pengembangan
254,ENVY,Envy Technologies Indonesia Tb,08 Jul 2019,"1,800,000,000",Pengembangan
255,ENZO,Morenzo Abadi Perkasa Tbk.,14 Sep 2020,"2,162,545,889",Pengembangan
256,EPAC,Megalestari Epack Sentosaraya,01 Jul 2020,"3,303,400,000",Pengembangan
257,EPMT,Enseval Putera Megatrading Tbk,01 Ags 1994,"2,708,640,000",Pengembangan
258,ERAA,Erajaya Swasembada Tbk.,14 Des 2011,"15,950,000,000",Utama
259,ERTX,Eratex Djaja Tbk.,21 Ags 1990,"1,286,539,792",Pengembangan
260,ESIP,Sinergi Inti Plastindo Tbk.,14 Nov 2019,"1,109,936,024",Pengembangan
261,ESSA,Surya Esa Perkasa Tbk.,01 Feb 2012,"15,660,887,000",Utama
262,ESTA,Esta Multi Usaha Tbk.,09 Mar 2020,"2,229,230,769",Pengembangan
263,ESTI,Ever Shine Tex Tbk.,13 Okt 1992,"2,015,208,720",UTAMA
264,ETWA,Eterindo Wahanatama Tbk,16 Mei 1997,"4,668,671,400",Pengembangan
265,EURO,Estee Gold Feet Tbk.,08 Ags 2022,"2,500,000,000",Akselerasi
266,EXCL,XL Axiata Tbk.,29 Sep 2005,"10,724,674,776",Utama
267,FAPA,FAP Agri Tbk.,04 Jan 2021,"3,629,411,800",Pengembangan
268,FAST,Fast Food Indonesia Tbk.,11 Mei 1993,"3,990,277,158",Pengembangan
269,FASW,Fajar Surya Wisesa Tbk.,19 Des 1994,"2,477,888,787",Utama
270,FILM,MD Pictures Tbk.,07 Ags 2018,"9,511,217,000",Utama
271,FIMP,Fimperkasa Utama Tbk.,09 Apr 2021,"400,000,975",Akselerasi
272,FIRE,Alfa Energi Investama Tbk.,09 Jun 2017,"1,475,363,179",Pengembangan
273,FISH,FKS Multi Agro Tbk.,18 Jan 2002,"480,000,000",Pengembangan
274,FITT,Hotel Fitra International Tbk.,11 Jun 2019,"726,130,199",PENGEMBANGAN
275,FLMC,Falmaco Nonwoven Industri Tbk.,08 Jul 2021,"781,250,000",Akselerasi
276,FMII,Fortune Mate Indonesia Tbk,30 Jun 2000,"2,721,000,000",Pengembangan
277,FOOD,Sentra Food Indonesia Tbk.,08 Jan 2019,"650,000,000",Pengembangan
278,FORU,Fortune Indonesia Tbk,17 Jan 2002,"465,224,000",Pengembangan
279,FORZ,Forza Land Indonesia Tbk.,28 Apr 2017,"1,984,009,887",Pengembangan
280,FPNI,Lotte Chemical Titan Tbk.,21 Mar 2002,"5,566,414,000",PENGEMBANGAN
281,FREN,Smartfren Telecom Tbk.,29 Nov 2006,"315,107,496,108",Utama
282,FUJI,Fuji Finance Indonesia Tbk.,09 Jul 2019,"1,105,000,000",PENGEMBANGAN
283,GAMA,Aksara Global Development Tbk.,11 Jul 2012,"10,011,027,656",Utama
284,GDST,Gunawan Dianjaya Steel Tbk.,23 Des 2009,"9,242,500,000",PENGEMBANGAN
285,GDYR,Goodyear Indonesia Tbk.,22 Des 1980,"410,000,000",Utama
286,GEMA,Gema Grahasarana Tbk.,12 Ags 2002,"1,600,000,000",Pengembangan
287,GEMS,Golden Energy Mines Tbk.,17 Nov 2011,"5,882,353,000",Utama
288,GGRM,Gudang Garam Tbk.,27 Ags 1990,"1,924,088,000",Utama
289,GGRP,Gunung Raja Paksi Tbk.,19 Sep 2019,"12,111,376,157",Pengembangan
290,GHON,Gihon Telekomunikasi Indonesia,09 Apr 2018,"550,000,000",Utama
291,GIAA,Garuda Indonesia (Persero) Tbk,11 Feb 2011,"25,886,576,254",Pengembangan
292,GJTL,Gajah Tunggal Tbk.,08 Mei 1990,"3,484,800,000",Utama
293,GLOB,Globe Kita Terang Tbk.,07 Okt 2012,"1,111,112,000",PENGEMBANGAN
294,GLVA,Galva Technologies Tbk.,23 Des 2019,"1,500,000,000",Pengembangan
295,GMFI,Garuda Maintenance Facility Ae,10 Okt 2017,"28,233,511,500",Pengembangan
296,GMTD,Gowa Makassar Tourism Developm,11 Des 2000,"101,538,000",Pengembangan
297,GOLD,Visi Telekomunikasi Infrastruk,07 Jul 2010,"1,277,276,000",PENGEMBANGAN
298,GOLL,Golden Plantation Tbk.,23 Des 2014,"3,665,000,759",Pengembangan
299,GOOD,Garudafood Putra Putri Jaya Tb,10 Okt 2018,"36,897,901,455",Utama
300,GOTO,GoTo Gojek Tokopedia Tbk.,11 Apr 2022,"1,184,363,929,502",Utama
301,GPRA,Perdana Gapuraprima Tbk.,10 Okt 2007,"4,276,655,336",Utama
302,GPSO,Geoprima Solusi Tbk.,06 Sep 2021,"666,741,103",Pengembangan
303,GSMF,Equity Development Investment,23 Okt 1989,"14,230,399,705",Pengembangan
304,GTBO,Garda Tujuh Buana Tbk,09 Jul 2009,"2,500,000,000",Pengembangan
305,GTSI,GTS Internasional Tbk.,08 Sep 2021,"15,819,142,767",Utama
306,GULA,Aman Agrindo Tbk.,03 Ags 2022,"1,070,362,500",Pengembangan
307,GWSA,Greenwood Sejahtera Tbk.,23 Des 2011,"7,800,760,000",UTAMA
308,GZCO,Gozco Plantations Tbk.,15 Mei 2008,"6,000,000,000",Utama
309,HADE,Himalaya Energi Perkasa Tbk.,12 Apr 2004,"2,120,000,000",PENGEMBANGAN
310,HAIS,Hasnur Internasional Shipping,01 Sep 2021,"2,626,250,000",Utama
311,HATM,Habco Trans Maritima Tbk.,26 Jul 2022,"7,000,000,000",Pengembangan
312,HDFA,Radana Bhaskara Finance Tbk.,10 Mei 2011,"6,542,445,783",Utama
313,HDIT,Hensel Davest Indonesia Tbk.,12 Jul 2019,"1,524,680,000",Utama
314,HDTX,Panasia Indo Resources Tbk.,06 Jun 1990,"3,601,462,800",Pengembangan
315,HEAL,Medikaloka Hermina Tbk.,16 Mei 2018,"14,939,096,469",Utama
316,HELI,Jaya Trishindo Tbk.,27 Mar 2018,"832,862,387",Pengembangan
317,HERO,Hero Supermarket Tbk.,21 Ags 1989,"4,183,634,000",Utama
318,HEXA,Hexindo Adiperkasa Tbk.,13 Feb 1995,"840,000,000",Utama
319,HITS,Humpuss Intermoda Transportasi,15 Des 1997,"7,101,084,801",Utama
320,HKMU,HK Metals Utama Tbk.,09 Okt 2018,"3,221,750,000",Utama
321,HMSP,H.M. Sampoerna Tbk.,15 Ags 1990,"116,318,076,900",Utama
322,HOKI,Buyung Poetra Sembada Tbk.,22 Jun 2017,"9,677,752,680",Utama
323,HOME,Hotel Mandarine Regency Tbk.,17 Jul 2008,"22,212,194,782",PENGEMBANGAN
324,HOMI,Grand House Mulia Tbk.,10 Sep 2020,"1,575,000,000",Pengembangan
325,HOPE,Harapan Duta Pertiwi Tbk.,24 Mei 2021,"2,130,360,201",PENGEMBANGAN
326,HOTL,Saraswati Griya Lestari Tbk.,10 Jan 2013,"3,550,001,452",Utama
327,HRME,Menteng Heritage Realty Tbk.,12 Apr 2019,"5,958,750,000",Pengembangan
328,HRTA,Hartadinata Abadi Tbk.,21 Jun 2017,"4,605,262,400",Utama
329,HRUM,Harum Energy Tbk.,06 Okt 2010,"13,518,100,000",Utama
330,IATA,MNC Energy Investments Tbk.,13 Sep 2006,"11,415,812,114",Pengembangan
331,IBFN,Intan Baru Prana Tbk.,22 Des 2014,"1,517,332,349",Pengembangan
332,IBOS,Indo Boga Sukses Tbk.,25 Apr 2022,"8,036,800,000",Akselerasi
333,IBST,Inti Bangun Sejahtera Tbk.,31 Ags 2012,"1,350,904,927",Utama
334,ICBP,Indofood CBP Sukses Makmur Tbk,07 Okt 2010,"11,661,908,000",Utama
335,ICON,Island Concepts Indonesia Tbk.,08 Jul 2005,"1,089,750,000",Pengembangan
336,IDEA,Idea Indonesia Akademi Tbk.,09 Sep 2021,"1,062,437,500",Akselerasi
337,IDPR,Indonesia Pondasi Raya Tbk.,10 Des 2015,"2,003,000,000",Utama
338,IFII,Indonesia Fibreboard Industry,10 Des 2019,"9,412,000,000",Utama
339,IFSH,Ifishdeco Tbk.,05 Des 2019,"2,125,000,000",Pengembangan
340,IGAR,Champion Pacific Indonesia Tbk,05 Nov 1990,"972,204,500",Utama
341,IIKP,Inti Agri Resources Tbk,14 Okt 2002,"33,600,000,000",Pengembangan
342,IKAI,Intikeramik Alamasri Industri,04 Jun 1997,"13,305,799,387",Utama
343,IKAN,Era Mandiri Cemerlang Tbk.,12 Feb 2020,"833,333,000",Pengembangan
344,IKBI,Sumi Indo Kabel Tbk.,21 Jan 1991,"1,224,000,000",PENGEMBANGAN
345,IMAS,Indomobil Sukses Internasional,15 Sep 1993,"3,994,291,039",UTAMA
346,IMJS,Indomobil Multi Jasa Tbk.,10 Des 2013,"8,654,325,000",Utama
347,IMPC,Impack Pratama Industri Tbk.,17 Des 2014,"4,833,500,000",Pengembangan
348,INAF,Indofarma Tbk.,17 Apr 2001,"3,099,267,500",Utama
349,INAI,Indal Aluminium Industry Tbk.,05 Des 1994,"633,600,000",PENGEMBANGAN
350,INCF,Indo Komoditi Korpora Tbk.,06 Sep 2016,"1,438,370,465",Pengembangan
351,INCI,Intanwijaya Internasional Tbk,24 Jul 1990,"196,121,237",Utama
352,INCO,Vale Indonesia Tbk.,16 Mei 1990,"9,936,338,720",Utama
353,INDF,Indofood Sukses Makmur Tbk.,14 Jul 1994,"8,780,426,500",Utama
354,INDO,Royalindo Investa Wijaya Tbk.,13 Jan 2020,"4,357,771,041",Pengembangan
355,INDR,Indo-Rama Synthetics Tbk.,03 Ags 1990,"654,351,707",Utama
356,INDS,Indospring Tbk.,10 Ags 1990,"656,249,710",PENGEMBANGAN
357,INDX,Tanah Laut Tbk,17 Mei 2001,"437,913,588",Pengembangan
358,INDY,Indika Energy Tbk.,11 Jun 2008,"5,210,192,000",Utama
359,INKP,Indah Kiat Pulp & Paper Tbk.,16 Jul 1990,"5,470,982,941",Utama
360,INOV,Inocycle Technology Group Tbk.,10 Jul 2019,"1,808,221,900",Pengembangan
361,INPC,Bank Artha Graha Internasional,23 Ags 1990,"20,021,178,779",Utama
362,INPP,Indonesian Paradise Property T,12 Jan 2004,"11,181,971,732",Pengembangan
363,INPS,Indah Prakasa Sentosa Tbk.,06 Apr 2018,"650,000,000",Pengembangan
364,INRU,Toba Pulp Lestari Tbk.,18 Jun 1990,"1,388,883,283",Pengembangan
365,INTA,Intraco Penta Tbk.,23 Ags 1993,"3,343,935,022",Pengembangan
366,INTD,Inter Delta Tbk,18 Des 1989,"591,828,000",Pengembangan
367,INTP,Indocement Tunggal Prakarsa Tb,05 Des 1989,"3,681,231,699",Utama
368,IPAC,Era Graharealty Tbk.,30 Jun 2021,"949,868,500",Akselerasi
369,IPCC,Indonesia Kendaraan Terminal T,09 Jul 2018,"1,818,384,820",Utama
370,IPCM,Jasa Armada Indonesia Tbk.,22 Des 2017,"5,284,811,100",Utama
371,IPOL,Indopoly Swakarsa Industry Tbk,09 Jul 2010,"6,443,379,509",Utama
372,IPPE,Indo Pureco Pratama Tbk.,09 Des 2021,"4,600,000,000",Pengembangan
373,IPTV,MNC Vision Networks Tbk.,08 Jul 2019,"42,197,950,841",Utama
374,IRRA,Itama Ranoraya Tbk.,15 Okt 2019,"1,600,000,000",Pengembangan
375,ISAT,Indosat Tbk.,19 Okt 1994,"8,062,702,740",Utama
376,ISSP,Steel Pipe Industry of Indones,22 Feb 2013,"7,185,992,035",Utama
377,ITIC,Indonesian Tobacco Tbk.,04 Jul 2019,"940,720,000",Pengembangan
378,ITMA,Sumber Energi Andalan Tbk.,10 Des 1990,"870,701,000",Pengembangan
379,ITMG,Indo Tambangraya Megah Tbk.,18 Des 2007,"1,129,925,000",Utama
380,JARR,Jhonlin Agro Raya Tbk.,04 Ags 2022,"8,000,000,000",Pengembangan
381,JAST,Jasnita Telekomindo Tbk.,16 Mei 2019,"1,082,574,979",Pengembangan
382,JAWA,Jaya Agra Wattie Tbk.,30 Mei 2011,"3,774,685,500",Utama
383,JAYA,Armada Berjaya Trans Tbk.,21 Feb 2019,"795,628,830",Pengembangan
384,JECC,Jembo Cable Company Tbk.,18 Nov 1992,"151,200,000",PENGEMBANGAN
385,JGLE,Graha Andrasentra Propertindo,29 Jun 2016,"22,581,909,405",Pengembangan
386,JIHD,Jakarta International Hotels &,29 Feb 1984,"2,329,040,482",Pengembangan
387,JKON,Jaya Konstruksi Manggala Prata,04 Des 2007,"16,308,519,860",Utama
388,JKSW,Jakarta Kyoei Steel Works Tbk.,06 Ags 1997,"150,000,000",Pengembangan
389,JMAS,Asuransi Jiwa Syariah Jasa Mit,18 Des 2017,"1,000,000,000",Pengembangan
390,JPFA,Japfa Comfeed Indonesia Tbk.,23 Okt 1989,"11,726,575,201",Utama
391,JRPT,Jaya Real Property Tbk.,29 Jun 1994,"13,750,000,000",Utama
392,JSKY,Sky Energy Indonesia Tbk.,28 Mar 2018,"2,032,540,000",Utama
393,JSMR,Jasa Marga (Persero) Tbk.,12 Nov 2007,"7,257,871,200",Utama
394,JSPT,Jakarta Setiabudi Internasiona,12 Jan 1998,"2,318,736,000",Pengembangan
395,JTPE,Jasuindo Tiga Perkasa Tbk.,16 Apr 2002,"6,852,050,000",Pengembangan
396,KAEF,Kimia Farma Tbk.,04 Jul 2001,"5,554,000,000",Utama
397,KARW,ICTSI Jasa Prima Tbk.,20 Des 1994,"587,152,700",Pengembangan
398,KAYU,Darmi Bersaudara Tbk.,04 Jul 2019,"665,000,000",Pengembangan
399,KBAG,Karya Bersama Anugerah Tbk.,08 Apr 2020,"7,150,001,691",Pengembangan
400,KBLI,KMI Wire & Cable Tbk.,06 Jul 1992,"4,007,235,107",Utama
401,KBLM,Kabelindo Murni Tbk.,01 Jun 1992,"1,120,000,000",PENGEMBANGAN
402,KBLV,First Media Tbk.,25 Feb 2000,"1,742,167,907",Pengembangan
403,KBRI,Kertas Basuki Rachmat Indonesi,11 Jul 2008,"8,687,995,734",PENGEMBANGAN
404,KDSI,Kedawung Setia Industrial Tbk.,29 Jul 1996,"405,000,000",Pengembangan
405,KEEN,Kencana Energi Lestari Tbk.,02 Sep 2019,"3,666,312,500",Utama
406,KEJU,Mulia Boga Raya Tbk.,25 Nov 2019,"1,500,000,000",Pengembangan
407,KIAS,Keramika Indonesia Assosiasi T,08 Des 1994,"14,929,100,000",Pengembangan
408,KICI,Kedaung Indah Can Tbk,28 Okt 1993,"276,000,000",UTAMA
409,KIJA,Kawasan Industri Jababeka Tbk.,10 Jan 1995,"20,824,888,369",Utama
410,KINO,Kino Indonesia Tbk.,11 Des 2015,"1,428,571,500",Utama
411,KIOS,Kioson Komersial Indonesia Tbk,05 Okt 2017,"1,075,859,850",Pengembangan
412,KJEN,Krida Jaringan Nusantara Tbk.,01 Jul 2019,"500,000,000",Pengembangan
413,KKES,Kusuma Kemindo Sentosa Tbk.,08 Ags 2022,"1,500,000,000",Pengembangan
414,KKGI,Resource Alam Indonesia Tbk.,01 Jul 1991,"5,000,000,000",Utama
415,KLBF,Kalbe Farma Tbk.,30 Jul 1991,"46,875,122,110",Utama
416,KLIN,Klinko Karya Imaji Tbk.,09 Ags 2022,"1,307,500,000",Akselerasi
417,KMDS,Kurniamitra Duta Sentosa Tbk.,07 Sep 2020,"800,000,000",Pengembangan
418,KMTR,Kirana Megatara Tbk.,19 Jun 2017,"8,215,366,379",Pengembangan
419,KOBX,Kobexindo Tractors Tbk.,05 Jul 2012,"2,272,500,000",Utama
420,KOIN,Kokoh Inti Arebama Tbk,09 Apr 2008,"980,843,732",Pengembangan
421,KONI,Perdana Bangun Pusaka Tbk,22 Ags 1995,"312,000,000",Pengembangan
422,KOPI,Mitra Energi Persada Tbk.,04 Mei 2015,"697,266,668",Pengembangan
423,KOTA,DMS Propertindo Tbk.,09 Jul 2019,"10,546,185,701",Utama
424,KPAL,Steadfast Marine Tbk.,08 Jun 2018,"1,069,009,400",Pengembangan
425,KPAS,Cottonindo Ariesta Tbk.,05 Okt 2018,"768,043,253",Pengembangan
426,KPIG,MNC Land Tbk.,30 Mar 2000,"88,688,299,330",Pengembangan
427,KRAH,Grand Kartech Tbk.,08 Nov 2013,"971,190,000",Pengembangan
428,KRAS,Krakatau Steel (Persero) Tbk.,10 Nov 2010,"19,346,396,900",Utama
429,KREN,Kresna Graha Investama Tbk.,28 Jun 2002,"18,208,470,100",Utama
430,KRYA,Bangun Karya Perkasa Jaya Tbk.,25 Jul 2022,"1,625,000,000",Pengembangan
431,KUAS,Ace Oldfields Tbk.,25 Okt 2021,"1,292,573,812",Pengembangan
432,LABA,Ladangbaja Murni Tbk.,10 Jun 2021,"1,011,320,285",Pengembangan
433,LAND,Trimitra Propertindo Tbk.,23 Ags 2018,"2,792,620,000",Pengembangan
434,LAPD,Leyand International Tbk.,17 Jul 2001,"3,966,350,139",Pengembangan
435,LCGP,Eureka Prima Jakarta Tbk.,13 Jul 2007,"5,630,000,914",Pengembangan
436,LCKM,LCK Global Kedaton Tbk.,16 Jan 2018,"1,000,000,000",Pengembangan
437,LEAD,Logindo Samudramakmur Tbk.,11 Des 2013,"4,049,616,328",UTAMA
438,LFLO,Imago Mulia Persada Tbk.,07 Apr 2021,"1,307,734,937",AKSELERASI
439,LIFE,Asuransi Jiwa Sinarmas MSIG Tb,09 Jul 2019,"2,100,000,000",Utama
440,LINK,Link Net Tbk.,02 Jun 2014,"2,863,195,484",Utama
441,LION,Lion Metal Works Tbk.,20 Ags 1993,"520,160,000",Utama
442,LMAS,Limas Indonesia Makmur Tbk,28 Des 2001,"787,851,525",PENGEMBANGAN
443,LMPI,Langgeng Makmur Industri Tbk.,17 Okt 1994,"1,008,517,669",PENGEMBANGAN
444,LMSH,Lionmesh Prima Tbk.,04 Jun 1990,"96,000,000",Pengembangan
445,LPCK,Lippo Cikarang Tbk,24 Jul 1997,"2,679,600,000",Utama
446,LPGI,Lippo General Insurance Tbk.,22 Jul 1997,"300,000,000",Utama
447,LPIN,Multi Prima Sejahtera Tbk,05 Feb 1990,"425,000,000",Pengembangan
448,LPKR,Lippo Karawaci Tbk.,28 Jun 1996,"70,898,018,369",Utama
449,LPLI,Star Pacific Tbk,23 Okt 1989,"1,170,432,803",Pengembangan
450,LPPF,Matahari Department Store Tbk.,09 Okt 1989,"2,364,423,580",Utama
451,LPPS,Lenox Pasifik Investama Tbk.,28 Mar 1994,"2,588,250,000",Pengembangan
452,LRNA,Eka Sari Lorena Transport Tbk.,15 Apr 2014,"350,000,022",PENGEMBANGAN
453,LSIP,PP London Sumatra Indonesia Tb,05 Jul 1996,"6,822,863,965",Utama
454,LTLS,Lautan Luas Tbk.,21 Jul 1997,"1,560,000,000",Utama
455,LUCK,Sentral Mitra Informatika Tbk.,28 Nov 2018,"715,749,640",Pengembangan
456,LUCY,Lima Dua Lima Tiga Tbk.,05 Mei 2021,"1,042,699,903",Akselerasi
457,MABA,Marga Abhinaya Abadi Tbk.,22 Jun 2017,"15,365,229,912",PENGEMBANGAN
458,MAGP,Multi Agro Gemilang Plantation,16 Jan 2013,"9,000,000,004",Pengembangan
459,MAIN,Malindo Feedmill Tbk.,10 Feb 2006,"2,238,750,000",Utama
460,MAMI,Mas Murni Indonesia Tbk,09 Feb 1994,"12,299,317,590",Pengembangan
461,MAPA,Map Aktif Adiperkasa Tbk.,05 Jul 2018,"2,850,400,000",Utama
462,MAPB,MAP Boga Adiperkasa Tbk.,21 Jun 2017,"2,170,922,900",Pengembangan
463,MAPI,Mitra Adiperkasa Tbk.,10 Nov 2004,"16,600,000,000",Utama
464,MARI,Mahaka Radio Integra Tbk.,11 Feb 2016,"5,252,644,000",Pengembangan
465,MARK,Mark Dynamics Indonesia Tbk.,12 Jul 2017,"3,800,000,310",Utama
466,MASA,Multistrada Arah Sarana Tbk.,09 Jun 2005,"9,182,946,945",Utama
467,MASB,Bank Multiarta Sentosa Tbk.,30 Jun 2021,"1,263,679,570",Pengembangan
468,MAYA,Bank Mayapada Internasional Tb,29 Ags 1997,"11,714,045,161",Utama
469,MBAP,Mitrabara Adiperdana Tbk.,10 Jul 2014,"1,227,271,952",Pengembangan
470,MBSS,Mitrabahtera Segara Sejati Tbk,06 Apr 2011,"1,750,026,639",Utama
471,MBTO,Martina Berto Tbk.,13 Jan 2011,"1,070,000,000",Utama
472,MCAS,M Cash Integrasi Tbk.,01 Nov 2017,"867,933,300",Pengembangan
473,MCOL,Prima Andalan Mandiri Tbk.,07 Sep 2021,"3,555,560,000",Utama
474,MCOR,Bank China Construction Bank I,03 Jul 2007,"37,540,533,209",Utama
475,MDIA,Intermedia Capital Tbk.,11 Apr 2014,"39,215,538,400",Pengembangan
476,MDKA,Merdeka Copper Gold Tbk.,19 Jun 2015,"24,110,850,771",Utama
477,MDKI,Emdeki Utama Tbk.,25 Sep 2017,"2,530,150,002",Utama
478,MDLN,Modernland Realty Tbk.,01 Jun 1994,"12,533,067,322",UTAMA
479,MDRN,Modern Internasional Tbk.,16 Jul 1991,"7,632,167,798",Pengembangan
480,MEDC,Medco Energi Internasional Tbk,12 Okt 1994,"25,136,231,252",Utama
481,MEDS,Hetzer Medical Indonesia Tbk.,10 Ags 2022,"1,562,500,000",Pengembangan
482,MEGA,Bank Mega Tbk.,17 Apr 2000,"11,623,514,905",Utama
483,MERK,Merck Tbk.,23 Jul 1981,"448,000,000",PENGEMBANGAN
484,META,Nusantara Infrastructure Tbk.,18 Jul 2001,"17,710,708,194",Utama
485,MFIN,Mandala Multifinance Tbk.,06 Sep 2005,"2,650,000,000",Pengembangan
486,MFMI,Multifiling Mitra Indonesia Tb,29 Des 2010,"757,581,000",Pengembangan
487,MGLV,Panca Anugrah Wisesa Tbk.,08 Jun 2021,"1,904,883,411",Akselerasi
488,MGNA,Magna Investama Mandiri Tbk.,08 Jul 2014,"3,410,475,322",Pengembangan
489,MGRO,Mahkota Group Tbk.,12 Jul 2018,"3,554,445,700",Utama
490,MICE,Multi Indocitra Tbk.,21 Des 2005,"600,000,000",PENGEMBANGAN
491,MIDI,Midi Utama Indonesia Tbk.,30 Nov 2010,"2,882,353,000",Pengembangan
492,MIKA,Mitra Keluarga Karyasehat Tbk.,24 Mar 2015,"14,246,349,500",Utama
493,MINA,Sanurhasta Mitra Tbk.,28 Apr 2017,"6,562,500,000",Pengembangan
494,MIRA,Mitra International Resources,30 Jan 1997,"3,961,452,039",Pengembangan
495,MITI,Mitra Investindo Tbk.,16 Jul 1997,"2,442,988,366",Pengembangan
496,MKNT,Mitra Komunikasi Nusantara Tbk,26 Okt 2015,"5,500,000,000",Pengembangan
497,MKPI,Metropolitan Kentjana Tbk.,10 Jul 2009,"948,194,000",Pengembangan
498,MLBI,Multi Bintang Indonesia Tbk.,15 Des 1981,"2,107,000,000",Utama
499,MLIA,Mulia Industrindo Tbk,17 Jan 1994,"6,615,000,000",Pengembangan
500,MLPL,Multipolar Tbk.,06 Nov 1989,"15,682,323,987",Utama
501,MLPT,Multipolar Technology Tbk.,08 Jul 2013,"1,875,000,000",Utama
502,MMLP,Mega Manunggal Property Tbk.,12 Jun 2015,"6,889,134,608",PENGEMBANGAN
503,MNCN,Media Nusantara Citra Tbk.,22 Jun 2007,"15,049,787,710",Utama
504,MOLI,Madusari Murni Indah Tbk.,30 Ags 2018,"2,724,036,581",Pengembangan
505,MORA,Mora Telematika Indonesia Tbk.,08 Ags 2022,"23,646,668,691",Utama
506,MPMX,Mitra Pinasthika Mustika Tbk.,29 Mei 2013,"4,462,963,276",Utama
507,MPOW,Megapower Makmur Tbk.,05 Jul 2017,"816,997,053",Pengembangan
508,MPPA,Matahari Putra Prima Tbk.,21 Des 1992,"8,477,734,948",Utama
509,MPRO,Maha Properti Indonesia Tbk.,09 Okt 2018,"9,942,500,000",Pengembangan
510,MRAT,Mustika Ratu Tbk.,27 Jul 1995,"428,000,000",Utama
511,MREI,Maskapai Reasuransi Indonesia,04 Sep 1989,"517,791,681",Pengembangan
512,MSIN,MNC Digital Entertainment Tbk.,08 Jun 2018,"11,444,400,000",Utama
513,MSKY,MNC Sky Vision Tbk.,09 Jul 2012,"1,994,370,480",Utama
514,MTDL,Metrodata Electronics Tbk.,09 Apr 1990,"12,276,884,585",Utama
515,MTEL,Dayamitra Telekomunikasi Tbk.,22 Nov 2021,"83,515,452,844",Utama
516,MTFN,Capitalinc Investment Tbk.,16 Apr 1990,"31,842,082,852",Pengembangan
517,MTLA,Metropolitan Land Tbk.,20 Jun 2011,"7,655,126,330",Utama
518,MTMH,Murni Sadar Tbk.,20 Apr 2022,"2,068,526,950",Utama
519,MTPS,Meta Epsi Tbk.,10 Apr 2019,"2,084,850,829",PENGEMBANGAN
520,MTRA,Mitra Pemuda Tbk.,10 Feb 2016,"770,000,000",Pengembangan
521,MTSM,Metro Realty Tbk.,08 Jan 1992,"232,848,000",Pengembangan
522,MTWI,Malacca Trust Wuwungan Insuran,12 Okt 2017,"1,525,819,116",Pengembangan
523,MYOH,Samindo Resources Tbk.,27 Jul 2000,"2,206,312,500",Utama
524,MYOR,Mayora Indah Tbk.,04 Jul 1990,"22,358,699,725",Utama
525,MYRX,Hanson International Tbk.,31 Okt 1990,"86,703,220,792",Pengembangan
526,MYTX,Asia Pacific Investama Tbk.,10 Okt 1989,"7,747,281,949",Pengembangan
527,NANO,Nanotech Indonesia Global Tbk.,10 Mar 2022,"4,285,003,661",Akselerasi
528,NASA,Andalan Perkasa Abadi Tbk.,07 Ags 2017,"11,004,929,322",Pengembangan
529,NASI,Wahana Inti Makmur Tbk.,13 Des 2021,"807,400,000",Pengembangan
530,NATO,Surya Permata Andalan Tbk.,18 Jan 2019,"8,001,111,504",Pengembangan
531,NELY,Pelayaran Nelly Dwi Putri Tbk.,11 Okt 2012,"2,350,000,000",Pengembangan
532,NETV,Net Visi Media Tbk.,26 Jan 2022,"23,453,177,240",Pengembangan
533,NFCX,NFC Indonesia Tbk.,12 Jul 2018,"666,667,500",Pengembangan
534,NICK,Charnic Capital Tbk.,02 Mei 2018,"651,150,000",PENGEMBANGAN
535,NICL,PAM Mineral Tbk.,09 Jul 2021,"9,662,515,101",Pengembangan
536,NIKL,Pelat Timah Nusantara Tbk.,14 Des 2009,"2,523,350,000",Utama
537,NIPS,Nipress Tbk.,24 Jul 1991,"1,635,333,332",Pengembangan
538,NIRO,City Retail Developments Tbk.,13 Sep 2012,"22,198,871,804",Pengembangan
539,NISP,Bank OCBC NISP Tbk.,20 Okt 1994,"22,715,776,032",Utama
540,NOBU,Bank Nationalnobu Tbk.,20 Mei 2013,"4,556,256,627",Utama
541,NPGF,Nusa Palapa Gemilang Tbk.,14 Apr 2021,"3,240,235,840",Utama
542,NRCA,Nusa Raya Cipta Tbk.,27 Jun 2013,"2,496,258,344",Utama
543,NTBK,Nusatama Berkah Tbk.,09 Feb 2022,"2,700,011,364",Pengembangan
544,NUSA,Sinergi Megah Internusa Tbk.,12 Jul 2018,"7,700,000,148",Pengembangan
545,NZIA,Nusantara Almazia Tbk.,25 Sep 2019,"2,197,540,705",UTAMA
546,OASA,Maharaksa Biru Energi Tbk.,18 Jul 2016,"358,600,000",Pengembangan
547,OBMD,OBM Drilchem Tbk.,08 Des 2021,"732,005,900",Pengembangan
548,OCAP,Onix Capital Tbk.,10 Okt 2003,"273,200,000",Pengembangan
549,OILS,Indo Oil Perkasa Tbk.,06 Sep 2021,"454,056,563",Pengembangan
550,OKAS,Ancora Indonesia Resources Tbk,29 Mar 2006,"1,765,927,777",Pengembangan
551,OLIV,Oscar Mitra Sukses Sejahtera T,17 Mei 2022,"1,900,000,000",Akselerasi
552,OMRE,Indonesia Prima Property Tbk,22 Ags 1994,"1,745,000,000",Pengembangan
553,OPMS,Optima Prima Metal Sinergi Tbk,23 Sep 2019,"1,000,000,000",Pengembangan
554,PADI,Minna Padi Investama Sekuritas,09 Jan 2012,"11,307,246,524",Utama
555,PALM,Provident Investasi Bersama Tb,08 Okt 2012,"7,119,540,356",Pengembangan
556,PAMG,Bima Sakti Pertiwi Tbk.,05 Jul 2019,"3,125,000,000",Utama
557,PANI,Pratama Abadi Nusa Industri Tb,18 Sep 2018,"13,530,000,000",Pengembangan
558,PANR,Panorama Sentrawisata Tbk.,18 Sep 2001,"1,200,000,000",Utama
559,PANS,Panin Sekuritas Tbk.,31 Mei 2000,"720,000,000",Utama
560,PBID,Panca Budi Idaman Tbk.,13 Des 2017,"1,875,000,000",Utama
561,PBRX,Pan Brothers Tbk.,16 Ags 1990,"6,478,295,611",Utama
562,PBSA,Paramita Bangun Sarana Tbk.,28 Sep 2016,"3,000,000,000",Utama
563,PCAR,Prima Cakrawala Abadi Tbk.,29 Des 2017,"1,166,666,700",Pengembangan
564,PDES,Destinasi Tirta Nusantara Tbk,08 Jul 2008,"715,000,000",Pengembangan
565,PEGE,Panca Global Kapital Tbk.,24 Jun 2005,"2,833,417,056",Pengembangan
566,PEHA,Phapros Tbk.,26 Des 2018,"840,000,000",Utama
567,PGAS,Perusahaan Gas Negara Tbk.,15 Des 2003,"24,241,508,196",Utama
568,PGJO,Tourindo Guide Indonesia Tbk.,08 Jan 2020,"759,859,095",Akselerasi
569,PGLI,Pembangunan Graha Lestari Inda,05 Apr 2000,"488,000,000",Pengembangan
570,PGUN,Pradiksi Gunatama Tbk.,07 Jul 2020,"4,998,360,000",Utama
571,PICO,Pelangi Indah Canindo Tbk,23 Sep 1996,"568,375,000",Pengembangan
572,PJAA,Pembangunan Jaya Ancol Tbk.,02 Jul 2004,"1,599,999,996",Utama
573,PKPK,Perdana Karya Perkasa Tbk,11 Jul 2007,"600,000,000",Pengembangan
574,PLAN,Planet Properindo Jaya Tbk.,15 Sep 2020,"892,863,180",Akselerasi
575,PLAS,Polaris Investama Tbk,16 Mar 2001,"1,184,200,000",PENGEMBANGAN
576,PLIN,Plaza Indonesia Realty Tbk.,15 Jun 1992,"3,550,000,000",Utama
577,PMJS,Putra Mandiri Jembar Tbk.,18 Des 2019,"13,755,600,000",Pengembangan
578,PMMP,Panca Mitra Multiperdana Tbk.,18 Des 2020,"2,353,000,000",Utama
579,PNBN,Bank Pan Indonesia Tbk,29 Des 1982,"23,837,645,998",Utama
580,PNBS,Bank Panin Dubai Syariah Tbk.,15 Jan 2014,"38,425,504,906",Utama
581,PNGO,Pinago Utama Tbk.,31 Ags 2020,"781,250,000",Pengembangan
582,PNIN,Paninvest Tbk.,20 Sep 1983,"4,068,323,920",Utama
583,PNLF,Panin Financial Tbk.,14 Jun 1983,"32,022,073,293",UTAMA
584,PNSE,Pudjiadi & Sons Tbk.,01 Mei 1990,"797,813,496",Pengembangan
585,POLA,Pool Advista Finance Tbk.,16 Nov 2018,"2,729,385,300",Pengembangan
586,POLI,Pollux Hotels Group Tbk.,10 Jan 2019,"2,010,526,400",Pengembangan
587,POLL,Pollux Properties Indonesia Tb,11 Jul 2018,"8,318,823,600",Pengembangan
588,POLU,Golden Flower Tbk.,26 Jun 2019,"750,000,000",Pengembangan
589,POLY,Asia Pacific Fibers Tbk,12 Mar 1991,"2,495,753,334",Pengembangan
590,POOL,Pool Advista Indonesia Tbk.,20 Mei 1991,"2,341,366,264",Pengembangan
591,PORT,Nusantara Pelabuhan Handal Tbk,16 Mar 2017,"2,813,941,985",Pengembangan
592,POSA,Bliss Properti Indonesia Tbk.,10 Mei 2019,"8,388,870,206",Pengembangan
593,POWR,Cikarang Listrindo Tbk.,14 Jun 2016,"16,087,156,000",Utama
594,PPGL,Prima Globalindo Logistik Tbk.,20 Jul 2020,"771,178,020",Akselerasi
595,PPRE,PP Presisi Tbk.,24 Nov 2017,"10,224,271,000",Utama
596,PPRO,PP Properti Tbk.,19 Mei 2015,"61,675,671,883",Utama
597,PRAS,Prima Alloy Steel Universal Tb,12 Jul 1990,"701,043,478",Utama
598,PRDA,Prodia Widyahusada Tbk.,07 Des 2016,"937,500,000",Utama
599,PRIM,Royal Prima Tbk.,15 Mei 2018,"3,393,434,905",Pengembangan
600,PSAB,J Resources Asia Pasifik Tbk.,22 Apr 2003,"26,460,000,000",Pengembangan
601,PSDN,Prasidha Aneka Niaga Tbk,18 Okt 1994,"1,440,000,000",Pengembangan
602,PSGO,Palma Serasih Tbk.,25 Nov 2019,"18,850,000,000",Pengembangan
603,PSKT,Red Planet Indonesia Tbk.,19 Sep 1995,"10,351,231,636",PENGEMBANGAN
604,PSSI,Pelita Samudera Shipping Tbk.,05 Des 2017,"5,417,063,153",Utama
605,PTBA,Bukit Asam Tbk.,23 Des 2002,"11,520,659,250",Utama
606,PTDU,Djasa Ubersakti Tbk.,08 Des 2020,"1,500,000,000",Pengembangan
607,PTIS,Indo Straits Tbk.,12 Jul 2011,"550,165,300",Utama
608,PTPP,PP (Persero) Tbk.,09 Feb 2010,"6,199,897,354",Utama
609,PTPW,Pratama Widya Tbk.,07 Feb 2020,"878,187,500",Pengembangan
610,PTRO,Petrosea Tbk.,21 Mei 1990,"1,008,605,000",Utama
611,PTSN,Sat Nusapersada Tbk,08 Nov 2007,"5,314,344,000",Utama
612,PTSP,Pioneerindo Gourmet Internatio,30 Mei 1994,"220,808,000",PENGEMBANGAN
613,PUDP,Pudjiadi Prestige Tbk.,18 Nov 1994,"329,560,000",UTAMA
614,PURA,Putra Rajawali Kencana Tbk.,22 Jan 2020,"5,968,695,782",Pengembangan
615,PURE,Trinitan Metals and Minerals T,09 Okt 2019,"1,375,181,505",Utama
616,PURI,Puri Global Sukses Tbk.,08 Sep 2020,"1,000,000,000",Pengembangan
617,PWON,Pakuwon Jati Tbk.,09 Okt 1989,"48,159,602,400",UTAMA
618,PYFA,Pyridam Farma Tbk,16 Okt 2001,"535,080,000",Pengembangan
619,PZZA,Sarimelati Kencana Tbk.,23 Mei 2018,"3,021,875,000",Utama
620,RAFI,Sari Kreasi Boga Tbk.,05 Ags 2022,"3,128,090,000",Pengembangan
621,RAJA,Rukun Raharja Tbk.,19 Apr 2006,"4,227,082,500",Utama
622,RALS,Ramayana Lestari Sentosa Tbk.,24 Jul 1996,"7,096,000,000",Utama
623,RANC,Supra Boga Lestari Tbk.,07 Jun 2012,"1,564,487,500",Pengembangan
624,RBMS,Ristia Bintang Mahkotasejati T,19 Des 1997,"2,656,212,826",Utama
625,RCCC,Utama Radar Cahaya Tbk.,02 Ags 2022,"750,000,000",Akselerasi
626,RDTX,Roda Vivatex Tbk,14 Mei 1990,"268,800,000",Utama
627,REAL,Repower Asia Indonesia Tbk.,06 Des 2019,"6,633,610,151",Pengembangan
628,RELI,Reliance Sekuritas Indonesia T,13 Jul 2005,"1,800,000,000",Utama
629,RICY,Ricky Putra Globalindo Tbk,22 Jan 1998,"641,717,510",UTAMA
630,RIGS,Rig Tenders Indonesia Tbk.,05 Mar 1990,"609,130,000",Pengembangan
631,RIMO,Rimo International Lestari Tbk,10 Nov 2000,"45,080,600,000",PENGEMBANGAN
632,RISE,Jaya Sukses Makmur Sentosa Tbk,09 Jul 2018,"10,945,000,000",Pengembangan
633,RMBA,Bentoel Internasional Investam,05 Mar 1990,"36,401,136,250",Utama
634,RMKE,RMK Energy Tbk.,07 Des 2021,"4,375,000,000",Utama
635,ROCK,Rockfields Properti Indonesia,10 Sep 2020,"1,435,185,100",Pengembangan
636,RODA,Pikko Land Development Tbk.,22 Okt 2001,"13,592,128,209",Pengembangan
637,RONY,Aesler Grup Internasional Tbk.,09 Apr 2020,"1,250,000,000",Pengembangan
638,ROTI,Nippon Indosari Corpindo Tbk.,28 Jun 2010,"6,186,488,888",Utama
639,RSGK,Kedoya Adyaraya Tbk.,08 Sep 2021,"929,675,000",Utama
640,RUIS,Radiant Utama Interinsco Tbk.,12 Jul 2006,"770,000,000",Pengembangan
641,RUNS,Global Sukses Solusi Tbk.,08 Sep 2021,"983,557,875",Akselerasi
642,SAFE,Steady Safe Tbk,15 Ags 1994,"615,145,012",PENGEMBANGAN
643,SAME,Sarana Meditama Metropolitan T,11 Jan 2013,"17,113,987,263",Pengembangan
644,SAMF,Saraswanti Anugerah Makmur Tbk,31 Mar 2020,"5,125,000,000",Utama
645,SAPX,Satria Antaran Prima Tbk.,03 Okt 2018,"833,333,300",Pengembangan
646,SATU,Kota Satu Properti Tbk.,05 Nov 2018,"1,375,000,000",Pengembangan
647,SBAT,Sejahtera Bintang Abadi Textil,08 Apr 2020,"4,752,933,437",Pengembangan
648,SBMA,Surya Biru Murni Acetylene Tbk,08 Sep 2021,"929,926,282",Pengembangan
649,SCCO,Supreme Cable Manufacturing &,20 Jul 1982,"205,583,400",Utama
650,SCMA,Surya Citra Media Tbk.,16 Jul 2002,"73,970,569,505",Utama
651,SCNP,Selaras Citra Nusantara Perkas,07 Sep 2020,"2,500,000,000",Pengembangan
652,SCPI,Organon Pharma Indonesia Tbk.,06 Ags 1990,"3,600,000",
653,SDMU,Sidomulyo Selaras Tbk.,12 Jul 2011,"1,135,225,000",Pengembangan
654,SDPC,Millennium Pharmacon Internati,07 Mei 1990,"1,274,000,000",Utama
655,SDRA,Bank Woori Saudara Indonesia 1,15 Des 2006,"8,482,552,020",Utama
656,SEMA,Semacom Integrated Tbk.,10 Jan 2022,"1,347,078,185",Pengembangan
657,SFAN,Surya Fajar Capital Tbk.,19 Jun 2019,"1,359,934,021",Pengembangan
658,SGER,Sumber Global Energy Tbk.,10 Ags 2020,"3,723,711,125",Pengembangan
659,SGRO,Sampoerna Agro Tbk.,18 Jun 2007,"1,818,622,000",Utama
660,SHID,Hotel Sahid Jaya International,08 Mei 1990,"1,119,326,168",Pengembangan
661,SHIP,Sillo Maritime Perdana Tbk.,16 Jun 2016,"2,719,790,000",Utama
662,SICO,Sigma Energy Compressindo Tbk.,08 Apr 2022,"910,000,000",Pengembangan
663,SIDO,Industri Jamu dan Farmasi Sido,18 Des 2013,"30,000,000,000",Utama
664,SILO,Siloam International Hospitals,12 Sep 2013,"13,006,125,000",Utama
665,SIMA,Siwani Makmur Tbk,03 Jun 1994,"442,589,871",PENGEMBANGAN
666,SIMP,Salim Ivomas Pratama Tbk.,09 Jun 2011,"15,816,310,000",Utama
667,SINI,Singaraja Putra Tbk.,08 Nov 2019,"473,284,050",Pengembangan
668,SIPD,Sreeya Sewu Indonesia Tbk.,27 Des 1996,"1,339,102,579",Pengembangan
669,SKBM,Sekar Bumi Tbk.,28 Sep 2012,"1,730,103,217",Pengembangan
670,SKLT,Sekar Laut Tbk.,08 Sep 1993,"690,740,500",Pengembangan
671,SKRN,Superkrane Mitra Utama Tbk.,11 Okt 2018,"1,500,000,000",PENGEMBANGAN
672,SKYB,Northcliff Citranusa Indonesia,07 Jul 2010,"585,000,000",Pengembangan
673,SLIS,Gaya Abadi Sempurna Tbk.,07 Okt 2019,"2,000,000,000",Pengembangan
674,SMAR,Smart Tbk.,20 Nov 1992,"2,872,193,366",Pengembangan
675,SMBR,Semen Baturaja (Persero) Tbk.,28 Jun 2013,"9,932,534,336",Utama
676,SMCB,Solusi Bangun Indonesia Tbk.,10 Ags 1977,"9,019,381,973",Utama
677,SMDM,Suryamas Dutamakmur Tbk.,12 Okt 1995,"4,772,138,237",PENGEMBANGAN
678,SMDR,Samudera Indonesia Tbk.,05 Jul 1999,"3,275,120,000",Utama
679,SMGR,Semen Indonesia (Persero) Tbk.,08 Jul 1991,"5,931,520,000",Utama
680,SMKL,Satyamitra Kemas Lestari Tbk.,11 Jul 2019,"3,418,085,290",Utama
681,SMKM,Sumber Mas Konstruksi Tbk.,09 Mar 2022,"1,253,000,000",Akselerasi
682,SMMA,Sinarmas Multiartha Tbk.,05 Jul 1995,"6,367,664,717",Utama
683,SMMT,Golden Eagle Energy Tbk.,01 Des 1997,"3,150,000,000",Pengembangan
684,SMRA,Summarecon Agung Tbk.,07 Mei 1990,"16,508,568,358",Utama
685,SMRU,SMR Utama Tbk.,10 Okt 2011,"12,499,385,782",Pengembangan
686,SMSM,Selamat Sempurna Tbk.,09 Sep 1996,"5,758,675,440",Utama
687,SNLK,Sunter Lakeside Hotel Tbk.,29 Mar 2021,"450,000,000",Pengembangan
688,SOCI,Soechi Lines Tbk.,03 Des 2014,"7,059,000,000",Utama
689,SOFA,Boston Furniture Industries Tb,07 Jul 2020,"1,653,574,499",Akselerasi
690,SOHO,Soho Global Health Tbk.,08 Sep 2020,"1,269,168,239",Utama
691,SONA,Sona Topas Tourism Industry Tb,21 Jul 1992,"331,200,000",Utama
692,SOSS,Shield On Service Tbk.,06 Nov 2018,"662,306,705",Pengembangan
693,SOTS,Satria Mega Kencana Tbk.,10 Des 2018,"1,000,000,075",Pengembangan
694,SPMA,Suparma Tbk.,16 Nov 1994,"3,154,092,216",UTAMA
695,SPTO,Surya Pertiwi Tbk.,14 Mei 2018,"2,700,000,000",Utama
696,SQMI,Wilton Makmur Indonesia Tbk.,15 Jul 2004,"15,537,591,429",Pengembangan
697,SRAJ,Sejahteraraya Anugrahjaya Tbk.,11 Apr 2011,"12,000,705,445",Utama
698,SRIL,Sri Rejeki Isman Tbk.,17 Jun 2013,"20,452,176,844",Pengembangan
699,SRSN,Indo Acidatama Tbk,11 Jan 1993,"6,020,000,000",Utama
700,SRTG,Saratoga Investama Sedaya Tbk.,26 Jun 2013,"13,564,835,000",Utama
701,SSIA,Surya Semesta Internusa Tbk.,27 Mar 1997,"4,705,249,440",Utama
702,SSMS,Sawit Sumbermas Sarana Tbk.,12 Des 2013,"9,525,000,000",Utama
703,SSTM,Sunson Textile Manufacture Tbk,20 Ags 1997,"1,170,909,181",PENGEMBANGAN
704,STAA,Sumber Tani Agung Resources Tb,10 Mar 2022,"10,903,372,600",Utama
705,STAR,Buana Artha Anugerah Tbk.,13 Jul 2011,"4,800,000,602",Utama
706,STTP,Siantar Top Tbk.,16 Des 1996,"1,310,000,000",Pengembangan
707,SUGI,Sugih Energy Tbk.,19 Jun 2002,"24,811,541,414",PENGEMBANGAN
708,SULI,SLJ Global Tbk.,21 Mar 1994,"3,986,916,802",Pengembangan
709,SUPR,Solusi Tunas Pratama Tbk.,11 Okt 2011,"1,137,579,698",Pengembangan
710,SURE,Super Energy Tbk.,05 Okt 2018,"1,497,576,771",Pengembangan
711,SWAT,Sriwahana Adityakarta Tbk.,08 Jun 2018,"3,019,200,000",Pengembangan
712,SWID,Saraswanti Indoland Developmen,07 Jul 2022,"5,385,000,000",Pengembangan
713,TALF,Tunas Alfin Tbk.,17 Jan 2014,"1,353,435,000",Pengembangan
714,TAMA,Lancartama Sejati Tbk.,10 Feb 2020,"1,200,000,007",Pengembangan
715,TAMU,Pelayaran Tamarin Samudra Tbk.,10 Mei 2017,"37,500,000,000",Pengembangan
716,TAPG,Triputra Agro Persada Tbk.,12 Apr 2021,"19,852,540,000",Utama
717,TARA,Agung Semesta Sejahtera Tbk.,11 Jul 2014,"10,069,645,750",UTAMA
718,TAXI,Express Transindo Utama Tbk.,02 Nov 2012,"10,223,647,156",UTAMA
719,TAYS,Jaya Swarasa Agung Tbk.,06 Des 2021,"1,098,920,000",Pengembangan
720,TBIG,Tower Bersama Infrastructure T,26 Okt 2010,"22,656,999,445",Utama
721,TBLA,Tunas Baru Lampung Tbk.,14 Feb 2000,"5,342,098,939",Utama
722,TBMS,Tembaga Mulia Semanan Tbk.,23 Mei 1990,"367,340,000",Pengembangan
723,TCID,Mandom Indonesia Tbk.,30 Sep 1993,"201,066,667",Utama
724,TCPI,Transcoal Pacific Tbk.,06 Jul 2018,"5,000,000,000",Pengembangan
725,TDPM,Tridomain Performance Material,09 Apr 2018,"10,485,050,500",Pengembangan
726,TEBE,Dana Brata Luhur Tbk.,18 Nov 2019,"1,285,000,000",Utama
727,TECH,Indosterling Technomedia Tbk.,04 Jun 2020,"1,256,300,000",Pengembangan
728,TELE,Omni Inovasi Indonesia Tbk.,12 Jan 2012,"7,302,194,889",Pengembangan
729,TFAS,Telefast Indonesia Tbk.,17 Sep 2019,"1,666,666,500",Pengembangan
730,TFCO,Tifico Fiber Indonesia Tbk.,26 Feb 1980,"4,823,076,400",Pengembangan
731,TGKA,Tigaraksa Satria Tbk.,11 Jun 1990,"918,492,750",Pengembangan
732,TGRA,Terregra Asia Energy Tbk.,16 Mei 2017,"2,750,000,000",Utama
733,TIFA,KDB Tifa Finance Tbk.,08 Jul 2011,"3,552,213,000",Pengembangan
734,TINS,Timah Tbk.,19 Okt 1995,"7,447,753,454",Utama
735,TIRA,Tira Austenite Tbk,27 Jul 1993,"588,000,000",Pengembangan
736,TIRT,Tirta Mahakam Resources Tbk,13 Des 1999,"1,011,774,750",Pengembangan
737,TKIM,Pabrik Kertas Tjiwi Kimia Tbk.,03 Apr 1990,"3,113,223,570",UTAMA
738,TLDN,Teladan Prima Agro Tbk.,12 Apr 2022,"12,946,530,200",Utama
739,TLKM,Telkom Indonesia (Persero) Tbk,14 Nov 1995,"99,062,216,600",Utama
740,TMAS,Temas Tbk.,07 Sep 2003,"5,705,150,000",UTAMA
741,TMPO,Tempo Intimedia Tbk.,08 Jan 2001,"1,058,333,250",Pengembangan
742,TNCA,Trimuda Nuansa Citra Tbk.,28 Jun 2018,"421,640,000",Pengembangan
743,TOBA,TBS Energi Utama Tbk.,06 Jul 2012,"8,049,964,000",Utama
744,TOOL,Rohartindo Nusantara Luas Tbk.,09 Ags 2022,"2,050,000,000",Pengembangan
745,TOPS,Totalindo Eka Persada Tbk.,16 Jun 2017,"33,330,000,000",Utama
746,TOTL,Total Bangun Persada Tbk.,25 Jul 2006,"3,410,000,000",Utama
747,TOTO,Surya Toto Indonesia Tbk.,30 Okt 1990,"10,320,000,000",Pengembangan
748,TOWR,Sarana Menara Nusantara Tbk.,08 Mar 2010,"51,014,625,000",Utama
749,TOYS,Sunindo Adipersada Tbk.,06 Ags 2020,"1,435,000,712",Pengembangan
750,TPIA,Chandra Asri Petrochemical Tbk,26 Mei 2008,"86,511,545,092",Pengembangan
751,TPMA,Trans Power Marine Tbk.,20 Feb 2013,"2,633,300,000",Pengembangan
752,TRAM,Trada Alam Minera Tbk.,10 Sep 2008,"49,643,627,934",Pengembangan
753,TRGU,Cerestar Indonesia Tbk.,08 Jul 2022,"7,945,412,700",Pengembangan
754,TRIL,Triwira Insanlestari Tbk.,28 Jan 2008,"1,200,000,000",Pengembangan
755,TRIM,Trimegah Sekuritas Indonesia T,31 Jan 2000,"7,109,300,000",Utama
756,TRIN,Perintis Triniti Properti Tbk.,15 Jan 2020,"4,404,475,825",Pengembangan
757,TRIO,Trikomsel Oke Tbk.,14 Apr 2009,"26,007,494,645",Pengembangan
758,TRIS,Trisula International Tbk.,28 Jun 2012,"3,141,443,806",Pengembangan
759,TRJA,Transkon Jaya Tbk.,27 Ags 2020,"1,510,200,000",Utama
760,TRST,Trias Sentosa Tbk.,02 Jul 1990,"2,808,000,000",Utama
761,TRUE,Triniti Dinamik Tbk.,10 Jun 2021,"7,570,890,600",Pengembangan
762,TRUK,Guna Timur Raya Tbk.,23 Mei 2018,"435,000,000",PENGEMBANGAN
763,TRUS,Trust Finance Indonesia Tbk,28 Nov 2002,"800,000,000",PENGEMBANGAN
764,TSPC,Tempo Scan Pacific Tbk.,17 Jun 1994,"4,509,864,300",Utama
765,TUGU,Asuransi Tugu Pratama Indonesi,28 Mei 2018,"1,777,777,800",Pengembangan
766,TURI,Tunas Ridean Tbk.,16 Mei 1995,"5,580,000,000",Utama
767,UANG,Pakuan Tbk.,06 Jul 2020,"1,210,000,000",Pengembangan
768,UCID,Uni-Charm Indonesia Tbk.,20 Des 2019,"4,156,572,300",Utama
769,UFOE,Damai Sejahtera Abadi Tbk.,01 Feb 2021,"2,287,500,000",Pengembangan
770,ULTJ,Ultra Jaya Milk Industry & Tra,02 Jul 1990,"11,553,528,000",Utama
771,UNIC,Unggul Indah Cahaya Tbk.,06 Nov 1989,"383,331,363",Utama
772,UNIQ,Ulima Nitra Tbk.,08 Mar 2021,"3,138,983,000",Utama
773,UNIT,Nusantara Inti Corpora Tbk,18 Apr 2002,"75,422,200",PENGEMBANGAN
774,UNSP,Bakrie Sumatera Plantations Tb,06 Mar 1990,"2,500,162,344",Pengembangan
775,UNTR,United Tractors Tbk.,19 Sep 1989,"3,730,135,136",Utama
776,UNVR,Unilever Indonesia Tbk.,11 Jan 1982,"38,150,000,000",Utama
777,URBN,Urban Jakarta Propertindo Tbk.,10 Des 2018,"3,232,122,640",Pengembangan
778,UVCR,Trimegah Karya Pratama Tbk.,27 Jul 2021,"2,000,097,881",Akselerasi
779,VICI,Victoria Care Indonesia Tbk.,17 Des 2020,"6,708,000,000",Utama
780,VICO,Victoria Investama Tbk.,08 Jul 2013,"10,064,568,363",Utama
781,VINS,Victoria Insurance Tbk.,28 Sep 2015,"1,460,573,616",PENGEMBANGAN
782,VIVA,Visi Media Asia Tbk.,21 Nov 2011,"16,464,270,400",Pengembangan
783,VOKS,Voksel Electric Tbk.,20 Des 1990,"4,155,602,595",Utama
784,VRNA,Verena Multi Finance Tbk.,25 Jun 2008,"5,687,353,997",Pengembangan
785,WAPO,Wahana Pronatural Tbk.,22 Jun 2001,"1,240,923,111",Pengembangan
786,WEGE,Wijaya Karya Bangunan Gedung T,30 Nov 2017,"9,572,000,000",Utama
787,WEHA,WEHA Transportasi Indonesia Tb,31 Mei 2007,"1,460,554,819",Utama
788,WGSH,Wira Global Solusi Tbk.,06 Des 2021,"1,042,500,000",Akselerasi
789,WICO,Wicaksana Overseas Internation,08 Ags 1994,"1,268,950,977",Pengembangan
790,WIFI,Solusi Sinergi Digital Tbk.,30 Des 2020,"2,050,292,287",Utama
791,WIIM,Wismilak Inti Makmur Tbk.,18 Des 2012,"2,099,873,760",Utama
792,WIKA,Wijaya Karya (Persero) Tbk.,29 Okt 2007,"8,969,951,372",Utama
793,WINR,Winner Nusantara Jaya Tbk.,25 Apr 2022,"5,235,200,000",Utama
794,WINS,Wintermar Offshore Marine Tbk.,29 Nov 2010,"4,346,762,057",Utama
795,WIRG,WIR ASIA Tbk.,04 Apr 2022,"11,919,159,000",Pengembangan
796,WMPP,Widodo Makmur Perkasa Tbk.,06 Des 2021,"29,419,000,000",Utama
797,WMUU,Widodo Makmur Unggas Tbk.,02 Feb 2021,"12,941,176,500",Utama
798,WOMF,Wahana Ottomitra Multiartha Tb,13 Des 2004,"3,481,481,480",Utama
799,WOOD,Integra Indocabinet Tbk.,21 Jun 2017,"6,437,500,000",Utama
800,WOWS,Ginting Jaya Energi Tbk.,08 Nov 2019,"2,475,720,000",Pengembangan
801,WSBP,Waskita Beton Precast Tbk.,20 Sep 2016,"26,361,157,534",Pengembangan
802,WSKT,Waskita Karya (Persero) Tbk.,19 Des 2012,"28,806,807,016",Utama
803,WTON,Wijaya Karya Beton Tbk.,08 Apr 2014,"8,715,466,600",Utama
804,YELO,Yelooo Integra Datanet Tbk.,29 Okt 2018,"1,912,774,405",Pengembangan
805,YPAS,Yanaprima Hastapersada Tbk,05 Mar 2008,"668,000,089",PENGEMBANGAN
806,YULE,Yulie Sekuritas Indonesia Tbk.,12 Okt 2004,"1,785,000,000",PENGEMBANGAN
807,ZBRA,Dosni Roha Indonesia Tbk.,01 Ags 1991,"2,510,706,263",Pengembangan
808,ZINC,Kapuas Prima Coal Tbk.,16 Okt 2017,"25,250,000,000",Pengembangan
809,ZONE,Mega Perintis Tbk.,12 Des 2018,"870,171,478",Pengembangan
810,ZYRX,Zyrexindo Mandiri Buana Tbk.,30 Mar 2021,"1,333,333,704",Pengembangan